Symbol,Open,High,Low,Close,Beta,52Low,52High,Market Cap,Volume,Shares,Sector,Industry
ATVI,74.9,74.925,73.605,75.23,0.4153,70.94,86.25,"58,637 M","9,622,267","786,120,459",Communication Services,Entertainment
CHTR,357.77,358.155,346.955,356.9,1.138,297.66,515.66,"52,518 M","853,099","150,575,231",Communication Services,Media
CMCSA,40.77,40.78,40.0101,40.89,1.017,28.39,44.66,"167,670 M","15,142,996","4,168,827,388",Communication Services,Media
DIS,99.54,99.54,96.61,100.86,1.3,84.07,126.48,"178,022 M","13,260,720","1,826,807,227",Communication Services,Entertainment
DISH,6.9,7,6.58,6.99,1.866,6.8359,29.3,"3,532 M","11,340,830","531,152,125",Communication Services,Media
EA,125.93,125.98,123.86,125.07,0.8573,108.53,142.79,"34,007 M","2,534,448","274,227,596",Communication Services,Entertainment
FOX,29.32,29.45,28.53,29.97,0.9621,26.35,34.42,"15,304 M","1,449,435","534,561,587",Communication Services,Media
FOXA,32,32.01,31.1,32.7,0.905,28.015,37.26,"16,657 M","6,172,895","534,561,587",Communication Services,Media
GOOG,106.16,106.3,104.7,106.12,1.111,83.45,123.26,"1,335,851 M","19,780,637","12,697,000,000",Communication Services,Interactive Media & Services
GOOGL,105.485,105.6,103.97,105.41,1.109,83.34,122.43,"1,329,249 M","23,419,506","12,697,000,000",Communication Services,Interactive Media & Services
IPG,34.02,34.41,33.38,34.66,1.134,25.14,39.52,"13,210 M","6,065,787","386,032,784",Communication Services,Media
LYV,67.01,67.43,66.38,67.27,1.289,64.25,99.66,"15,533 M","1,734,423","231,591,254",Communication Services,Entertainment
META,236.06,238.2,232.9264,237.03,1.156,88.09,244.92,"598,449 M","17,889,391","2,562,732,034",Communication Services,Interactive Media & Services
MTCH,33.65,34.54,33.08,33.57,1.112,33.055,87.46,"9,353 M","4,846,728","278,455,869",Communication Services,Interactive Media & Services
NFLX,319.01,323.61,317.95,319.3,1.334,162.71,379.4301,"142,600 M","3,879,657","444,541,116",Communication Services,Entertainment
NWS,17.02,17.11,16.78,17.19,1.348,15.15,21.86,"9,665 M","1,049,719","573,612,270",Communication Services,Media
NWSA,16.8,17,16.64,17.03,1.308,14.87,21.69,"9,591 M","5,698,790","573,612,270",Communication Services,Media
OMC,85.58,87.87,84.09,87.04,0.8395,61.31,96.78,"17,501 M","2,529,304","199,514,755",Communication Services,Media
PARA,18.91,19.04,16.39,22.89,1.809,15.29,34.5,"10,668 M","72,171,022","650,516,634",Communication Services,Media
T,17.02,17.0785,16.85,17.09,0.6314,14.46,22.84,"120,890 M","27,422,691","7,149,000,000",Communication Services,Diversified Telecommunication Services
TMUS,140.13,141.76,140.13,139.91,0.5489,120.9,154.3786,"169,497 M","4,849,285","1,199,892,465",Communication Services,Wireless Telecommunication Services
TTWO,122.56,122.56,119.565,122.14,0.6816,90,137.43,"20,288 M","1,568,926","168,674,529",Communication Services,Entertainment
VZ,37.86,37.96,37.29,37.98,0.35,32.79,52.18,"156,870 M","16,163,096","4,200,000,000",Communication Services,Diversified Telecommunication Services
WBD,12.43,12.52,12.045,12.83,1.516,8.82,20.08,"30,031 M","32,200,580","2,435,599,994",Communication Services,Entertainment
AAP,123.34,123.675,120.22,123.8,1.111,109.11,217.35,"7,146 M","1,142,769","59,433,703",Consumer Discretionary,Specialty Retail
AZO,2675.76,2681.85,2652.56,2677.58,0.6635,1703.3203,2708.24,"48,967 M","87,388","18,397,705",Consumer Discretionary,Specialty Retail
BBY,72.43,72.91,70.955,72.78,1.526,60.785,93.6,"15,657 M","1,658,906","218,666,780",Consumer Discretionary,Specialty Retail
BKNG,2610.92,2645.9999,2600.59,2646.21,1.328,1616.85,2731.75,"96,625 M","487,754","37,112,330",Consumer Discretionary,"Hotels, Restaurants & Leisure"
CCL,9.78,9.84,9.21,9.43,2.499,6.11,16.56,"12,233 M","51,862,254","1,302,820,390",Consumer Discretionary,"Hotels, Restaurants & Leisure"
CMG,2058.47,2062.33,2028.64,2058.12,1.287,1196.28,2071,"56,104 M","228,827","27,589,840",Consumer Discretionary,"Hotels, Restaurants & Leisure"
CZR,43.74,44.26,42.5,44.02,3.152,31.31,67.16,"9,331 M","4,000,151","215,204,165",Consumer Discretionary,"Hotels, Restaurants & Leisure"
DHI,109.2,110.09,107.15,109.63,1.549,59.25,110.37,"36,570 M","3,659,395","341,071,172",Consumer Discretionary,Household Durables
DPZ,312.66,315.99,310.215,314.86,0.8096,291,426.44,"11,005 M","459,307","35,339,030",Consumer Discretionary,"Hotels, Restaurants & Leisure"
DRI,151.5,153.065,151.14,151.47,1.301,110.96,155.9,"18,493 M","1,005,358","120,929,455",Consumer Discretionary,"Hotels, Restaurants & Leisure"
EXPE,89.71,90.32,87.94,90.57,1.658,82.39,147.53,"13,331 M","4,468,663","149,504,066",Consumer Discretionary,"Hotels, Restaurants & Leisure"
F,11.8,11.83,11.47,11.79,1.634,10.61,16.68,"46,249 M","79,792,934","4,000,770,326",Consumer Discretionary,Automobiles
GM,32.3,32.67,31.56,32.48,1.377,30.33,43.63,"44,053 M","14,807,411","1,390,123,499",Consumer Discretionary,Automobiles
GPC,171.99,172.94,169.78,171.98,0.884,125.55,187.725,"24,072 M","1,761,747","140,515,640",Consumer Discretionary,Distributors
GRMN,100.24,102.5,99.56,100.08,0.9652,76.37,108.32,"19,431 M","1,001,784","191,290,486",Consumer Discretionary,Household Durables
HAS,59.64,60.15,58.54,59.73,0.7487,45.75,93.37,"8,303 M","2,134,975","138,598,376",Consumer Discretionary,Leisure Products
HD,292.72,294.5893,285.33,293.08,0.9192,264.51,347.25,"289,370 M","4,422,521","1,012,668,994",Consumer Discretionary,Specialty Retail
HLT,145.25,145.28,141.8,145.73,1.252,108.41,152.89,"37,741 M","1,555,033","264,626,535",Consumer Discretionary,"Hotels, Restaurants & Leisure"
KMX,70.27,70.58,67.14,70.67,1.488,52.1,106.24,"10,761 M","1,960,602","158,091,336",Consumer Discretionary,Specialty Retail
LEN,113.83,114.435,112.31,114.13,1.461,62.54,113.9,"32,514 M","1,571,310","289,400,723",Consumer Discretionary,Household Durables
LKQ,57.07,57.13,55.94,57.13,1.381,46.2,59.33,"15,022 M","705,880","267,289,697",Consumer Discretionary,Distributors
LOW,205.24,206.6299,201.27,205.31,1.067,170.12,223.31,"120,941 M","2,375,943","596,356,261",Consumer Discretionary,Specialty Retail
LVS,61.47,62.1,60.81,61.43,1.181,28.875,64.48,"47,156 M","3,328,433","764,271,386",Consumer Discretionary,"Hotels, Restaurants & Leisure"
MAR,178.45,179.945,175.895,178.45,1.604,131.01,183.51,"53,536 M","2,090,078","303,354,157",Consumer Discretionary,"Hotels, Restaurants & Leisure"
MCD,296.06,296.31,293.47,295.22,0.635,228.34,298.46,"215,476 M","2,005,472","730,031,742",Consumer Discretionary,"Hotels, Restaurants & Leisure"
MGM,43.53,43.85,42.7,43.74,2.11,26.41,46.235,"15,574 M","6,085,865","363,799,070",Consumer Discretionary,"Hotels, Restaurants & Leisure"
MHK,100.83,101.61,98.75,101.63,1.361,87.015,152.54,"6,306 M","527,575","63,679,590",Consumer Discretionary,Household Durables
NCLH,14.73,14.78,13.57,14.14,2.846,10.31,18.89,"5,832 M","21,689,871","424,159,140",Consumer Discretionary,"Hotels, Restaurants & Leisure"
NKE,124.94,125.185,122.82,126.74,1.116,82.22,131.31,"190,079 M","6,177,127","1,536,988,816",Consumer Discretionary,"Textiles, Apparel & Luxury Goods"
NVR,5846.92,5852.66,5793.92,5894.82,1.013,3576.01,5986.96,"18,837 M","16,095","3,246,946",Consumer Discretionary,Household Durables
NWL,9.99,10.06,9.75,10.01,0.9832,9.77,24.7,"4,062 M","7,191,283","414,100,000",Consumer Discretionary,Household Durables
ORLY,935.88,939.5746,927.11,931.67,0.8579,562.9,937.24,"56,987 M","297,792","61,038,936",Consumer Discretionary,Specialty Retail
PHM,66.55,67,65.82,66.49,1.42,35.0324,67.2,"14,815 M","3,393,774","223,224,233",Consumer Discretionary,Household Durables
POOL,352.26,355.43,342.65,351.72,0.9215,278.1004,423.97,"13,463 M","281,087","39,038,250",Consumer Discretionary,Distributors
RCL,73.2,73.44,70.58,67.08,2.642,31.09,76.3,"18,382 M","10,164,675","255,731,909",Consumer Discretionary,"Hotels, Restaurants & Leisure"
RL,111.73,111.9,109.615,112.35,1.429,82.2311,128.94,"7,247 M","699,476","65,979,375",Consumer Discretionary,"Textiles, Apparel & Luxury Goods"
ROST,104.01,104.7,102.22,103.99,0.9721,69.24,122.445,"35,173 M","1,220,588","342,051,765",Consumer Discretionary,Specialty Retail
SBUX,104.27,105.67,103.8,103.96,0.9435,68.39,114.56,"120,051 M","8,858,136","1,146,400,000",Consumer Discretionary,"Hotels, Restaurants & Leisure"
TJX,77.75,77.8,76.66,77.84,0.8984,53.69,83.1299,"88,746 M","2,657,927","1,151,492,872",Consumer Discretionary,Specialty Retail
TPR,38.62,38.93,38.005,38.96,1.608,26.39,47.48,"8,987 M","2,736,461","236,075,634",Consumer Discretionary,"Textiles, Apparel & Luxury Goods"
TSLA,162.71,162.95,159.65,160.61,1.5,101.81,315.2,"510,924 M","95,108,492","3,169,504,301",Consumer Discretionary,Automobiles
VFC,21.66,21.9188,20.76,21.95,1.519,20.03,51.4,"8,154 M","5,417,166","388,656,848",Consumer Discretionary,"Textiles, Apparel & Luxury Goods"
WHR,140.22,140.69,135.585,141.15,1.515,124.1,196.3,"7,433 M","762,403","54,757,938",Consumer Discretionary,Household Durables
WYNN,108.62,110.38,108.48,109.33,2.048,50.2,116.99,"12,420 M","1,644,015","113,681,662",Consumer Discretionary,"Hotels, Restaurants & Leisure"
YUM,136.83,137.48,135.38,137.31,0.999,103.965,143.245,"38,170 M","1,555,644","280,000,000",Consumer Discretionary,"Hotels, Restaurants & Leisure"
BF/B,64.45,64.725,63.98,64.32,0.683,60.23,78.15,"30,825 M","753,159","479,240,692",Consumer Staples,Beverages
CAG,38.07,38.2,37.5011,38.09,0.4051,31.015,41.3,"17,941 M","4,535,297","476,906,797",Consumer Staples,Food Products
CHD,97.51,97.99,96.675,97.43,0.4622,70.16,99.5649,"23,855 M","1,591,408","244,263,640",Consumer Staples,Household Products
CL,81.53,81.76,80.455,81.26,0.4805,67.84,83.81,"67,021 M","7,441,480","829,568,199",Consumer Staples,Household Products
CLX,175.43,176.24,170.57,175.61,0.2764,120.5,168.17,"21,145 M","2,395,322","123,623,524",Consumer Staples,Household Products
CPB,54.55,54.65,53.98,54.55,0.3373,44.37,57.775,"16,271 M","1,693,236","299,475,991",Consumer Staples,Food Products
GIS,88.91,89.45,88.3,88.83,0.236,64.94,89.4,"52,509 M","2,122,995","587,354,488",Consumer Staples,Food Products
HRL,40.72,40.94,40.48,40.63,0.1736,37.775,53.46,"22,359 M","1,639,802","546,532,923",Consumer Staples,Food Products
HSY,274.65,275,272.81,274.21,0.3149,201.42,276.5,"56,136 M","887,169","204,398,761",Consumer Staples,Food Products
K,70.99,71.09,68.89,71.53,0.42,63.74,77.17,"24,117 M","3,719,082","342,668,232",Consumer Staples,Food Products
KHC,40.48,40.92,40.255,40.25,1,32.73,44.87,"50,111 M","10,050,090","1,226,998,926",Consumer Staples,Food Products
KMB,145.4,146.15,143.99,145.58,0.4231,108.74,147.09,"48,721 M","2,222,035","337,381,046",Consumer Staples,Household Products
LW,111.2,111.7,110.65,111.56,0.5965,60.59,112,"16,196 M","789,928","145,704,167",Consumer Staples,Food Products
MDLZ,77.42,77.5,76.755,77.02,0.6542,54.72,78.59,"105,258 M","5,725,427","1,361,853,497",Consumer Staples,Food Products
MKC,88.11,88.56,87.23,87.92,0.5776,70.6,101.4,"23,677 M","974,656","268,231,738",Consumer Staples,Food Products
MO,46.4,46.52,45.57,46.53,0.6514,40.35,57.03,"82,344 M","7,333,190","1,785,039,536",Consumer Staples,Tobacco
PG,156.1,156.6,155.09,156.23,0.3916,122.18,157.37,"366,532 M","4,892,639","2,356,969,322",Consumer Staples,Household Products
PM,95.45,95.67,93.78,95.86,0.7361,82.85,109.81,"146,496 M","4,466,145","1,552,196,682",Consumer Staples,Tobacco
SJM,157.1,158.14,156.28,157.09,0.2032,119.82,163.07,"16,787 M","760,845","106,636,093",Consumer Staples,Food Products
STZ,225.49,225.6683,221.81,225.5,1.031,208.12,261.32,"40,753 M","1,041,796","183,231,968",Consumer Staples,Beverages
TAP,65.12,65.48,64.46,64.96,0.8592,46.685,66.67,"14,057 M","2,488,792","216,234,357",Consumer Staples,Beverages
TSN,60.33,60.6,59.663,60.56,0.7593,55.805,94.77,"21,384 M","2,312,099","355,625,957",Consumer Staples,Food Products
APA,34.8,35.89,32,34.17,3.581,30.15,51.95,"10,034 M","10,315,445","311,046,795",Energy,"Oil, Gas & Consumable Fuels"
BKR,27.47,27.76,27.14,27.46,1.513,20.415,38.655,"27,556 M","8,291,623","1,012,362,186",Energy,Energy Equipment & Services
COP,96.2,98.52,95.81,96.09,1.349,78.3,138.49,"117,988 M","6,840,031","1,211,878,514",Energy,"Oil, Gas & Consumable Fuels"
CTRA,24.23,24.54,24.03,24.1,0.2567,22.25,36.55,"18,479 M","9,054,850","765,503,584",Energy,"Oil, Gas & Consumable Fuels"
CVX,157.11,158.1999,155.42,156.83,1.141,132.54,189.68,"295,981 M","7,500,368","1,894,643,487",Energy,"Oil, Gas & Consumable Fuels"
DVN,49.13,49.75,48.045,49.01,2.414,44.03,79.4,"31,059 M","7,220,125","643,843,655",Energy,"Oil, Gas & Consumable Fuels"
EOG,111.49,113.23,110.42,111.02,1.626,92.16,150.88,"65,426 M","4,518,081","587,781,831",Energy,"Oil, Gas & Consumable Fuels"
EQT,31.31,31.9,30.84,31.5,0.9691,28.105,51.97,"11,225 M","6,690,951","361,642,666",Energy,"Oil, Gas & Consumable Fuels"
FANG,129.22,131.14,125.93,128.78,2.122,103.71,168.95,"22,816 M","3,582,303","181,093,498",Energy,"Oil, Gas & Consumable Fuels"
HAL,29.07,29.43,28.47,29.15,2.33,23.3,43.99,"26,182 M","10,565,792","902,194,900",Energy,Energy Equipment & Services
HES,135.68,137.56,130.3301,135.31,1.616,90.34,160.52,"40,205 M","2,768,335","307,050,595",Energy,"Oil, Gas & Consumable Fuels"
KMI,16.52,16.735,16.39,16.56,0.94,15.775,20.2,"37,294 M","16,214,927","2,241,213,694",Energy,"Oil, Gas & Consumable Fuels"
MPC,109.54,110.4799,104.44,110.07,1.74,77.62,139.79,"44,575 M","7,334,114","424,282,812",Energy,"Oil, Gas & Consumable Fuels"
MRO,22,22.64,21.63,22.27,2.481,19.42,33.42,"13,753 M","14,425,362","622,875,270",Energy,"Oil, Gas & Consumable Fuels"
OKE,62.85,63.2013,61.36,62.82,1.941,50.5,71.5737,"28,023 M","2,610,448","447,441,008",Energy,"Oil, Gas & Consumable Fuels"
OXY,59.04,59.84,58.275,58.97,1.994,54.3046,77.1299,"52,719 M","11,201,972","898,115,138",Energy,"Oil, Gas & Consumable Fuels"
PSX,95.76,95.94,91.86,95.95,1.35,74.02,113.53,"42,370 M","4,619,484","459,000,000",Energy,"Oil, Gas & Consumable Fuels"
PXD,208.16,209.55,205.6707,207.79,1.558,177.265,288.46,"48,164 M","1,840,868","233,735,537",Energy,"Oil, Gas & Consumable Fuels"
SLB,45.44,45.99,44.6,45.27,1.901,30.65,62.78,"64,240 M","10,085,350","1,425,330,904",Energy,Energy Equipment & Services
TRGP,71.58,71.98,69.12,71.39,2.665,55.56,80.4,"15,692 M","2,309,467","226,275,888",Energy,"Oil, Gas & Consumable Fuels"
VLO,106.99,108.3564,104.18,107.06,1.629,96.93,160.16,"37,710 M","5,083,917","361,516,949",Energy,"Oil, Gas & Consumable Fuels"
WMB,29.26,29.74,28.83,28.96,1.181,27.8,37.97,"35,473 M","10,485,788","1,219,000,000",Energy,"Oil, Gas & Consumable Fuels"
XOM,107.9,108.75,105.91,107.93,1.096,80.69,119.92,"428,718 M","17,177,150","4,042,984,946",Energy,"Oil, Gas & Consumable Fuels"
ACGL,75.37,75.62,72.84,75.62,0.7586,41.05,76.25,"27,141 M","3,000,724","372,200,000",Financials,Insurance
AFL,66.89,66.9,65.17,67.36,0.9348,52.0702,74.015,"40,374 M","3,509,732","604,226,995",Financials,Insurance
AIG,50.7,50.9888,48.95,51.35,1.248,45.66,64.875,"36,595 M","5,424,532","733,667,935",Financials,Insurance
AIZ,131.3,133.225,130.11,132.03,0.555,104.49,190.72,"6,899 M","586,464","52,920,859",Financials,Insurance
AJG,209.19,211.85,208.59,209.13,0.701,148.24,210.54,"45,169 M","948,985","214,246,000",Financials,Insurance
ALL,109.97,114.72,109.5,111.5,0.5816,103.2,142.15,"29,987 M","3,413,980","263,000,000",Financials,Insurance
AMP,285.52,286.63,279.85,288.83,1.485,219.99,357.46,"29,381 M","1,024,483","104,178,786",Financials,Capital Markets
AON,319.98,323.77,319.245,320.34,0.911,246.21,334.76,"65,502 M","699,661","204,245,515",Financials,Insurance
AXP,151.03,151.25,147.4,152.21,1.199,130.65,182.15,"110,602 M","3,997,870","743,240,707",Financials,Consumer Finance
BAC,27.58,27.8101,26.8328,27.86,1.399,26.39,38.6,"215,087 M","82,173,808","7,969,152,819",Financials,Banks
BEN,24.89,25.12,24.51,25.14,1.308,20.2373,34.365,"12,572 M","3,461,349","500,863,407",Financials,Capital Markets
BK,40.49,40.8,39.755,40.79,1.064,36.22,52.26,"31,628 M","5,724,658","789,134,000",Financials,Capital Markets
BLK,638.55,638.55,628.2301,642.41,1.293,503.1236,785.65,"94,689 M","589,364","149,904,546",Financials,Capital Markets
BRO,64.69,64.91,63.96,64.7,0.7616,52.8206,68.43,"18,184 M","1,017,857","283,644,264",Financials,Insurance
C,45.04,45.4,44.08,45.67,1.601,40.005,54.56,"87,396 M","20,601,824","1,946,464,604",Financials,Banks
CB,197.27,197.615,194.33,197.78,0.6722,173.78,231.37,"80,959 M","1,346,002","414,174,489",Financials,Insurance
CFG,25.17,25.57,23.37,26.22,1.387,26.02,44.82,"12,027 M","26,935,529","483,982,264",Financials,Banks
CINF,103.75,104.94,102.17,104.44,0.6377,88.66,130.66,"16,352 M","539,861","157,212,708",Financials,Insurance
CMA,34.085,34.97,28.4,35.58,1.285,29.17,87.02,"4,109 M","17,888,209","131,669,861",Financials,Banks
CME,180.06,184.51,179.9,181.33,0.4282,166.545,219.99,"66,163 M","1,468,619","359,717,653",Financials,Capital Markets
COF,86.71,87.205,83.93,88.03,1.551,86.98,130.29,"32,749 M","5,271,262","382,444,881",Financials,Consumer Finance
DFS,94.54,95,91.87,95.78,1.546,87.644,119.91,"23,475 M","1,939,808","253,946,033",Financials,Consumer Finance
FDS,395.74,398.2,393.06,393.65,0.8219,345.92,474.13,"15,137 M","222,341","38,319,485",Financials,Capital Markets
FITB,23.17,23.69,22.46,23.96,1.276,22.11,40.07,"15,816 M","18,801,156","680,537,000",Financials,Banks
FRC,0,0,0,3.51,0.7431,1.41,171.09,654 M,<empty>,"186,218,729",Financials,Banks
GL,106.35,107.13,102.23,106.22,0.7936,87.87,123.85,"10,217 M","865,210","96,521,157",Financials,Insurance
GS,325.95,326.98,318.56,328.65,1.41,277.84,389.5781,"107,235 M","2,965,114","333,794,818",Financials,Capital Markets
HBAN,9.78,9.79,9.21,10.07,1.141,9.94,15.74,"13,628 M","45,813,329","1,443,614,966",Financials,Banks
HIG,68.74,69.025,67.05,69.34,0.8841,60.165,79.44,"21,164 M","2,303,307","310,234,724",Financials,Insurance
ICE,104.5,107.49,104.26,104.83,0.9287,88.6,113.07,"59,748 M","3,122,185","559,704,868",Financials,Capital Markets
IVZ,16.3,16.375,15.825,16.46,1.457,13.2,20.56,"7,350 M","4,178,625","458,200,000",Financials,Capital Markets
JPM,134.96,135.72,131.81,135.98,1.11,101.28,145,"391,939 M","17,089,164","2,922,300,000",Financials,Banks
KEY,8.78,9.29,8.535,9.53,1.319,9.51,20.3,"8,352 M","57,354,529","935,229,000",Financials,Banks
L,58.2,58.5,57.55,58.42,0.848,49.36,66.34,"13,236 M","668,629","227,898,186",Financials,Insurance
LNC,20.06,20.18,18.735,20.49,1.787,19.74,59.16,"3,281 M","7,121,176","169,537,759",Financials,Insurance
MCO,299.38,301.35,296.45,300.23,1.291,230.16,335.91,"54,986 M","947,171","183,500,000",Financials,Capital Markets
MET,58.06,58.14,53.185,58.71,1.075,52.83,77.36,"41,621 M","12,380,273","769,200,000",Financials,Insurance
MKTX,298.48,301.27,294.25,298.56,0.7484,217.44,399.78,"11,191 M","347,260","37,669,360",Financials,Capital Markets
MMC,177.87,178.22,176.26,177.88,0.9261,143.33,181.44,"87,724 M","1,427,932","494,721,334",Financials,Insurance
MS,84.17,84.45,81.61,84.75,1.335,72.05,100.99,"137,968 M","10,359,176","1,670,113,691",Financials,Capital Markets
MSCI,464.19,467.92,461.155,465.77,1.11,376.41,572.5,"36,953 M","453,172","80,063,402",Financials,Capital Markets
MTB,112.38,115.44,109.36,114.81,0.8262,110,193.42,"19,103 M","4,063,224","168,044,078",Financials,Banks
NDAQ,53.53,53.98,53.375,53.56,0.9621,46.77,69.22,"26,303 M","1,615,774","489,002,956",Financials,Capital Markets
NTRS,72.21,72.71,70.63,73.2,1.108,73.52,113.155,"14,917 M","1,952,383","208,342,348",Financials,Capital Markets
PFG,69.11,69.37,66.79,70.07,1.3,61.05,96.17,"16,822 M","1,986,829","242,774,745",Financials,Insurance
PGR,124.17,126.72,122.72,125.05,0.4871,106.95,149.84,"73,815 M","4,909,944","585,366,448",Financials,Insurance
PNC,113.38,115.61,111.84,116.65,1.119,116.52,176.47,"45,355 M","6,975,881","399,108,019",Financials,Banks
PRU,80.55,80.95,77.22,81.36,1.427,75.37,110.96,"28,946 M","3,343,694","365,900,000",Financials,Insurance
RE,376.03,376.33,367.03,376.04,0.621,244.575,394.995,"16,385 M","335,179","44,098,856",Financials,Insurance
RF,15.79,16.25,15.31,16.31,1.261,13.94,24.33,"14,726 M","24,716,604","935,000,000",Financials,Banks
RJF,83.27,83.675,82,84.34,1.054,84.86,126,"17,660 M","1,694,197","211,600,000",Financials,Capital Markets
SCHW,47.18,47.6,45.65,48.03,0.8724,45,86.63,"86,152 M","26,316,221","1,818,711,524",Financials,Capital Markets
SPGI,348.71,352.41,346.62,349.97,1.095,279.32,395.795,"111,481 M","1,022,771","320,800,000",Financials,Capital Markets
STT,68.05,68.32,66.38,68.92,1.602,58.615,94.735,"22,349 M","2,948,339","334,258,843",Financials,Capital Markets
SYF,27.36,27.6,26.59,27.71,1.64,27.145,40.885,"11,469 M","6,983,238","428,570,576",Financials,Consumer Finance
TFC,27.23,27.86,25.56,28.13,1.097,28.39,53.34,"34,910 M","37,831,279","1,331,917,887",Financials,Banks
TROW,105.76,105.87,103.38,105.76,1.341,93.53,134.64,"23,731 M","1,526,219","224,571,987",Financials,Capital Markets
TRV,178.63,180.11,176.55,179.15,0.6286,149.6467,194.51,"41,377 M","1,497,006","230,976,565",Financials,Insurance
USB,28.5,29.7,27.27,29.8,0.9946,30.19,53.365,"44,426 M","48,099,620","1,533,000,000",Financials,Banks
WFC,37.68,38.08,36.4,38.65,1.158,35.43,48.84,"137,782 M","53,246,973","3,752,223,519",Financials,Banks
WRB,57.7,58.28,57.03,58.1,0.6347,56.64,76.99,"15,878 M","2,362,441","273,953,386",Financials,Insurance
WTW,225.24,226.19,222.13,226.15,0.7483,187.89,258.93,"23,867 M","493,128","106,413,057",Financials,Insurance
ZION,21.79,22.3,18.26,22.66,1.14,20.41,59.75,"2,952 M","25,522,973","148,100,000",Financials,Banks
A,135.38,136.04,133.76,134.77,1.027,112.52,160.265,"39,589 M","1,103,693","295,701,853",Health Care,Life Sciences Tools & Services
ABBV,149,149,146.35,149.25,0.5376,134.09,168.11,"259,964 M","5,694,328","1,764,141,787",Health Care,Biotechnology
ABC,166.83,167.8954,165.79,166.89,0.5223,135.14,174.63,"33,729 M","958,429","202,466,004",Health Care,Health Care Providers & Services
ABT,111.45,111.49,110.56,111.76,0.6431,93.25,118.23,"192,669 M","4,070,791","1,737,946,233",Health Care,Health Care Equipment & Supplies
ALGN,301.2,304.3,297.83,303.11,1.698,172.05,368.87,"23,337 M","730,234","76,739,012",Health Care,Health Care Equipment & Supplies
AMGN,230.31,232.025,229.15,229.31,0.6211,223.3,296.67,"123,905 M","2,228,478","534,326,594",Health Care,Biotechnology
BAX,46.13,46.36,45.22,46.5,0.5713,37.345,77.08,"22,910 M","4,159,851","505,850,082",Health Care,Health Care Equipment & Supplies
BDX,260,260,251.82,263.61,0.5605,215.9,269.06,"71,674 M","2,405,831","283,901,642",Health Care,Health Care Equipment & Supplies
BIIB,311.42,314.37,309.585,311,0.2134,187.16,311.89,"45,387 M","1,214,059","144,742,368",Health Care,Biotechnology
BIO,467.76,468.45,458.78,463.86,0.8348,344.63,572.7,"13,691 M","126,555","29,595,711",Health Care,Life Sciences Tools & Services
BMY,66.45,67.2431,66.4,66.64,0.4353,65.275,81.435,"140,379 M","8,801,885","2,100,847,138",Health Care,Pharmaceuticals
BSX,52.43,52.771,51.91,52.69,0.7843,34.98,53.47,"74,655 M","8,878,420","1,437,328,024",Health Care,Health Care Equipment & Supplies
CAH,79.04,81.44,77.56,81.64,0.7602,49.7,82.64,"20,825 M","3,309,350","257,639,059",Health Care,Health Care Providers & Services
CI,243.59,244.51,241.06,246,0.5899,240.11,340.11,"72,384 M","1,564,004","297,032,506",Health Care,Health Care Providers & Services
CNC,68.39,68.58,66.755,68.72,0.5622,61.71,98.53,"36,888 M","2,667,667","548,769,258",Health Care,Health Care Providers & Services
COO,378.98,382.42,376.81,380.93,0.9285,244.215,388.29,"18,757 M","132,145","49,455,664",Health Care,Health Care Equipment & Supplies
CRL,191.31,192.92,189.34,191.46,1.347,181.36,262,"9,698 M","323,485","51,181,765",Health Care,Life Sciences Tools & Services
CTLT,48.88,50.3,48.3,48.84,1.161,40.69,115.335,"8,866 M","3,421,175","180,090,483",Health Care,Pharmaceuticals
CVS,69.61,70.1682,68.1038,70.08,0.6042,71.65,107.26,"88,191 M","10,416,410","1,282,025,283",Health Care,Health Care Providers & Services
DGX,135.73,135.8197,134.295,136.57,0.9272,120.4,158.3356,"15,167 M","594,624","112,009,197",Health Care,Health Care Providers & Services
DHR,245.27,245.4,241.945,245.57,0.79,227,303.82,"178,815 M","2,357,579","737,898,789",Health Care,Life Sciences Tools & Services
DVA,87.91,88.07,86.27,88.16,0.9208,65.28,106.71,"7,906 M","483,575","90,653,682",Health Care,Health Care Providers & Services
DXCM,116.5,117.87,116.03,117.32,1.053,66.8925,125.55,"45,516 M","1,765,812","387,635,623",Health Care,Health Care Equipment & Supplies
ELV,458,459.52,452.19,458.18,0.8056,440.02,549.52,"108,261 M","695,621","237,055,805",Health Care,Health Care Providers & Services
EW,87.5,88.68,87.26,88.1,0.9956,67.13,107.92,"53,287 M","1,797,744","606,218,215",Health Care,Health Care Equipment & Supplies
GEHC,79.62,80.26,77.69,79.71,1.028,53,87.83,"35,583 M","1,751,465","454,677,236",Health Care,Health Care Equipment & Supplies
GILD,79.61,79.68,78.41,79.45,0.3846,57.165,89.74,"97,993 M","4,564,159","1,248,000,000",Health Care,Biotechnology
HCA,278.63,280.345,275.25,278.21,1.641,164.47,289.35,"76,373 M","1,460,333","275,089,285",Health Care,Health Care Providers & Services
HOLX,83.825,83.825,82.16,84.09,0.9824,59.78,86.65,"20,292 M","1,396,772","246,118,192",Health Care,Health Care Equipment & Supplies
HSIC,79.79,80.38,77.82,80.01,0.8477,64.75,89.72,"10,381 M","664,721","131,195,220",Health Care,Health Care Providers & Services
HUM,530.27,530.7,523.64,529.79,0.6901,410.87,571.3,"66,033 M","549,307","124,944,994",Health Care,Health Care Providers & Services
IDXX,478.86,480.39,467.755,478.83,1.189,317.06,515.79,"38,972 M","389,867","83,004,936",Health Care,Health Care Equipment & Supplies
ILMN,196.5,197.135,193.47,196.54,1.159,173.45,306.48,"31,026 M","970,426","158,052,357",Health Care,Life Sciences Tools & Services
INCY,67.39,67.5,66.04,68.04,0.6462,65.07,86.29,"14,766 M","2,438,997","223,088,306",Health Care,Biotechnology
IQV,186.51,187.565,183.74,187.02,1.362,165.75,249.11,"34,215 M","1,340,085","185,549,128",Health Care,Life Sciences Tools & Services
ISRG,303.53,304.99,300.79,305.06,1.297,180.07,303.0999,"106,244 M","1,402,161","350,398,068",Health Care,Health Care Equipment & Supplies
JNJ,162.68,162.9,161.25,162.87,0.5311,150.11,183.3506,"421,333 M","5,127,992","2,598,734,075",Health Care,Pharmaceuticals
LH,224.73,225.345,221.54,225.99,1.055,200.32,263.125,"19,624 M","476,735","88,500,941",Health Care,Health Care Providers & Services
LLY,431.45,432.7,425.22,431.19,0.3527,283,411.54,"406,706 M","4,070,697","949,272,933",Health Care,Pharmaceuticals
MCK,353.64,357.48,352.34,354.42,0.5613,298.69,401.78,"48,619 M","1,041,722","136,939,227",Health Care,Health Care Providers & Services
MDT,90,90.14,88.78,90.69,0.7208,75.765,106.33,"118,767 M","4,780,896","1,330,423,708",Health Care,Health Care Equipment & Supplies
MOH,296.03,296.03,291.24,295.82,0.6496,249.78,374,"16,986 M","375,896","58,300,000",Health Care,Health Care Providers & Services
MRK,118,118,116.49,118.22,0.3423,83.05,118.39,"297,849 M","6,490,177","2,537,693,776",Health Care,Pharmaceuticals
MRNA,133.93,138.22,129.75,130.14,1.295,115.03,217.25,"51,808 M","5,504,814","385,677,955",Health Care,Biotechnology
MTD,1485.03,1496.86,1473.04,1492.1,1.145,1065.55,1615.97,"32,558 M","144,068","22,070,068",Health Care,Life Sciences Tools & Services
OGN,23.55,23.75,21.6,24.24,0.8157,20.96,39.09,"5,614 M","3,701,055","255,061,586",Health Care,Pharmaceuticals
PFE,38.17,38.43,38.02,38.45,0.5977,38.4,54.93,"215,786 M","23,675,132","5,644,402,367",Health Care,Pharmaceuticals
PKI,130.39,131.74,129.27,130.23,1.1,113.46,170,"16,576 M","623,952","126,411,985",Health Care,Life Sciences Tools & Services
PODD,320.99,324.09,315.65,320.99,0.7735,181,328.8671,"22,457 M","720,783","69,693,976",Health Care,Health Care Equipment & Supplies
REGN,775.54,776.5799,746.13,803.17,0.2507,538.01,835,"82,708 M","1,229,124","109,710,254",Health Care,Biotechnology
RMD,235.88,235.88,231.13,236.8,0.4865,189.4,247.65,"34,101 M","458,788","146,930,660",Health Care,Health Care Equipment & Supplies
STE,190.48,190.48,186.765,187.68,0.852,159.21,236.1,"18,753 M","476,879","99,284,443",Health Care,Health Care Equipment & Supplies
SYK,284.54,286.61,281.915,287.14,0.9437,188.84,305.44,"108,048 M","1,258,051","379,608,166",Health Care,Health Care Equipment & Supplies
TECH,85.83,85.95,83.09,85.98,1.245,68.0025,99.335,"13,216 M","1,571,245","157,275,200",Health Care,Life Sciences Tools & Services
TFX,261,261,244.47,272.12,1.005,182.65,293.81,"11,690 M","888,023","46,965,758",Health Care,Health Care Equipment & Supplies
TMO,552.6,553.9021,542.72,550.42,0.7785,475.77,611.06,"210,452 M","1,243,493","385,698,254",Health Care,Life Sciences Tools & Services
UHS,141.84,142.06,139.07,142.55,1.267,82.5,154.65,"9,882 M","438,748","70,042,765",Health Care,Health Care Providers & Services
UNH,487.05,489.69,481.95,489.44,0.6471,449.7009,558.1,"453,951 M","2,555,690","931,602,553",Health Care,Health Care Providers & Services
VRTX,347.97,349.13,345.01,346.36,0.4777,233.01,354.46,"89,265 M","927,893","257,551,600",Health Care,Biotechnology
VTRS,9.12,9.14,8.95,9.14,1.243,8.42,12.3993,"10,815 M","9,198,070","1,199,008,181",Health Care,Pharmaceuticals
WAT,297.56,298.29,294.22,296.5,0.8473,265.605,369,"17,470 M","730,267","59,020,233",Health Care,Life Sciences Tools & Services
WST,368.5,371.045,365.07,368.43,1.093,206.19,372.06,"27,408 M","258,725","74,242,584",Health Care,Life Sciences Tools & Services
XRAY,40.48,41.09,39.35,40.48,0.9534,26.48,42.575,"8,680 M","2,571,081","212,477,811",Health Care,Health Care Equipment & Supplies
ZBH,138.46,138.72,136.39,139.62,1.033,100.39,149.25,"28,497 M","1,410,570","208,569,285",Health Care,Health Care Equipment & Supplies
ZTS,168,182.755,167.53,177.73,0.7688,124.1483,183.805,"82,553 M","3,592,231","462,558,895",Health Care,Pharmaceuticals
ADP,216.54,216.67,213.11,215.98,0.8157,196.61,274.92,"88,330 M","1,241,484","413,122,759",Industrials,Professional Services
ALLE,108.72,109.45,106.97,108.96,1.106,87.33,123.46,"9,413 M","527,734","87,946,675",Industrials,Building Products
AME,144.5,144.795,142.4,144.58,1.197,106.17,148.06,"32,940 M","1,463,039","230,475,184",Industrials,Electrical Equipment
AOS,69.1,69.5643,68.21,69.46,1.252,46.58,71.87,"10,409 M","949,143","150,441,548",Industrials,Building Products
BA,200.65,201.25,193.27,200.93,1.511,113.02,221.33,"118,544 M","6,934,072","601,593,507",Industrials,Aerospace & Defense
CARR,40.65,41.11,40.28,41.09,0.9839,33.1,49.17,"34,312 M","7,327,745","834,838,102",Industrials,Building Products
CHRW,104.68,105.175,102.67,105.065,0.7947,86.6,121.23,"11,963 M","1,021,176","116,438,842",Industrials,Air Freight & Logistics
CPRT,78.75,78.99,78.12,78.9,1.23,51.105,79.095,"37,284 M","1,341,622","476,592,516",Industrials,Commercial Services & Supplies
CSGP,73.82,74.82,73.06,73.7,0.8588,53.505,85.37,"30,371 M","1,264,838","408,539,209",Industrials,Professional Services
CTAS,459.35,463.42,456.58,458.01,1.351,343.86,470.23,"46,572 M","307,272","101,701,804",Industrials,Commercial Services & Supplies
DE,382.1,384.02,373.325,382.22,1.016,283.81,448.3999,"110,703 M","1,383,068","296,322,273",Industrials,Machinery
EFX,198,199.83,196.435,200,1.447,145.98,234.14,"24,190 M","965,039","122,643,754",Industrials,Professional Services
EMR,83.74,83.86,82.39,83.82,1.398,72.405,99.6545,"47,278 M","4,498,487","571,400,000",Industrials,Electrical Equipment
ETN,171.36,171.39,167.35,172.38,1.107,122.5,178.75,"67,140 M","2,115,280","398,600,000",Industrials,Electrical Equipment
EXPD,117.47,118.16,115.92,117.8,0.9896,86.08,119.9,"17,861 M","1,362,431","152,712,000",Industrials,Air Freight & Logistics
FAST,53.97,54.18,52.85,54.08,1.153,43.73,56.86,"30,848 M","2,971,729","571,042,439",Industrials,Trading Companies & Distributors
FDX,228.12,228.83,225.01,228.52,1.402,141.9193,248.7599,"56,899 M","955,141","251,351,937",Industrials,Air Freight & Logistics
GD,209.52,209.835,205.4,210.01,0.8487,207.42,256.86,"57,295 M","1,402,019","274,335,601",Industrials,Aerospace & Defense
GE,101.49,101.75,97.41,101.77,1.283,46.76580111,102.0298,"108,156 M","7,226,963","1,088,960,029",Industrials,Industrial Conglomerates
GNRC,115.12,116.46,108.94,114.74,1.125,86.29,299.85,"6,781 M","1,786,646","62,197,557",Industrials,Electrical Equipment
GWW,681.71,681.71,662.61,683.61,1.169,440.48,709.21,"33,486 M","248,102","50,166,964",Industrials,Trading Companies & Distributors
HII,201.16,201.16,188.51,196.84,0.6482,194.36,260.02,"7,695 M","601,803","39,925,745",Industrials,Aerospace & Defense
HON,198.215,199,194.93,197.96,1.075,166.63,220.96,"130,619 M","2,304,847","665,676,749",Industrials,Industrial Conglomerates
HWM,44.6,44.66,42.935,44.7,1.962,29.84,45.7,"17,883 M","2,951,952","413,291,033",Industrials,Aerospace & Defense
J,115.04,115.99,113.48,115.26,0.8324,106.78,140.895,"14,610 M","710,101","126,714,126",Industrials,Professional Services
JCI,59.12,59.25,58.11,58.98,1.263,45.52,69.6,"40,207 M","3,357,708","687,173,594",Industrials,Building Products
LDOS,80.25,80.98,78.58,80.89,0.7712,79.41,110.91,"10,898 M","1,352,567","137,167,264",Industrials,Professional Services
LHX,186.14,187.19,183.21,186.7,0.7005,189.079,255.095,"35,187 M","1,525,912","189,453,379",Industrials,Aerospace & Defense
LMT,453.66,454.04,446.21,453.07,0.6648,373.67,508.1,"114,452 M","962,887","253,252,553",Industrials,Aerospace & Defense
MAS,53.73,53.81,52.47,53.76,1.188,42.33,58.18,"11,869 M","1,615,070","225,088,525",Industrials,Building Products
MMM,102.55,102.98,100.76,102.83,0.9534,100.1575,154.04,"56,182 M","2,963,164","551,672,217",Industrials,Industrial Conglomerates
NOC,443.28,445.275,435.2,443.71,0.5023,430.935,556.27,"67,157 M","645,682","151,859,445",Industrials,Aerospace & Defense
PAYX,107.42,107.87,106.85,107.67,0.9794,104.78,139.47,"38,647 M","1,584,697","360,508,880",Industrials,Professional Services
PWR,166.98,169.465,160.6,168.22,1.071,106.33,170.82,"24,002 M","1,229,203","145,160,159",Industrials,Construction & Engineering
RHI,68.21,68.8099,66.31,68.9,1.319,65.4,98.59,"7,270 M","1,922,658","107,837,058",Industrials,Professional Services
ROK,276.9,280.86,275.28,278.63,1.401,190.08,309.36,"32,073 M","782,220","114,875,325",Industrials,Electrical Equipment
ROL,41.62,42.02,41.39,41.65,0.6463,31.43,43.06,"20,618 M","881,822","492,787,005",Industrials,Commercial Services & Supplies
RSG,146,146.98,145.4725,146.03,0.6698,119.72,149.17,"46,117 M","1,035,550","316,282,323",Industrials,Commercial Services & Supplies
RTX,97,97.265,94.8644,97.16,1.025,80.27,108.84,"140,153 M","4,414,759","1,461,142,016",Industrials,Aerospace & Defense
TDG,767.08,767.08,750.86,769.22,1.467,499.63,772.96,"41,494 M","354,970","54,598,064",Industrials,Aerospace & Defense
TT,177.17,180.26,175.32,177.74,0.6707,120.64,196.22,"40,137 M","1,633,884","228,051,842",Industrials,Building Products
TXT,66.36,66.36,64.46,66.65,1.537,57.11,76.11,"13,182 M","1,235,471","201,679,524",Industrials,Aerospace & Defense
UPS,174.55,174.9406,172.86,175.83,1.084,154.8718,209.39,"148,456 M","3,495,232","856,688,889",Industrials,Air Freight & Logistics
URI,347.93,348,325.15,350.23,1.767,230.54,481.99,"22,570 M","2,702,985","68,731,157",Industrials,Trading Companies & Distributors
VRSK,208.93,210.86,205.7,203.97,0.8559,156.05,206.99,"29,792 M","1,318,685","144,791,178",Industrials,Professional Services
WM,167.6,168.66,166.86,167.32,0.7303,138.89,175.98,"68,268 M","1,189,069","406,816,705",Industrials,Commercial Services & Supplies
AAPL,164.89,167.04,164.31,167.45,1.267,124.17,176.15,"2,623,120 M","81,235,427","15,821,946,000",Information Technology,"Technology Hardware, Storage & Peripherals"
ACN,273.28,273.78,265.68,275.18,1.24,242.8,322.88,"168,303 M","2,586,187","631,532,298",Information Technology,IT Services
ADBE,347.97,348,332.84,345.25,1.312,274.73,451.15,"154,045 M","6,614,890","458,700,000",Information Technology,Software
ADI,182,182.97,180.48,182.39,1.121,133.48,198.245,"91,726 M","2,308,181","505,852,499",Information Technology,Semiconductors & Semiconductor Equipment
ADSK,194.57,195.38,191.765,193.7,1.511,163.2,235.005,"41,460 M","855,873","214,782,702",Information Technology,Software
AKAM,78.28,78.76,76.845,78.46,0.8112,70.65,102.83,"12,042 M","1,426,938","156,304,214",Information Technology,IT Services
AMD,81.57,91.64,81.11,81.62,1.941,54.57,109.57,"139,391 M","122,840,488","1,609,406,409",Information Technology,Semiconductors & Semiconductor Equipment
ANET,132.02,136.81,131.68,132.73,1.234,89.115,171.44,"41,723 M","4,223,273","308,282,799",Information Technology,Communications Equipment
ANSS,288.37,309.77,282,307.99,1.244,194.23,333.89,"26,300 M","695,949","86,810,668",Information Technology,Software
APH,74.47,74.98,73.88,74.83,1.221,61.67,82.86,"44,399 M","2,934,026","595,319,046",Information Technology,"Electronic Equipment, Instruments & Components"
AVGO,610,613.96,601.29,613.2,1.121,415.0682,648.4999,"254,390 M","1,768,438","416,923,664",Information Technology,Semiconductors & Semiconductor Equipment
CDAY,61.03,62.17,57.07,62.61,1.469,43.23,79.66,"8,866 M","3,735,947","155,006,926",Information Technology,Software
CDNS,208.1,208.67,204.95,207.45,1.018,132.315,216.73,"55,908 M","1,271,931","272,684,000",Information Technology,Software
CDW,163.21,165.9253,162.59,164.97,1.107,147.91,215,"22,143 M","1,461,538","135,136,297",Information Technology,"Electronic Equipment, Instruments & Components"
CRM,191.9,194.56,190.76,192.61,1.22,126.34,200.12,"188,344 M","4,386,506","979,023,216",Information Technology,Software
CSCO,45.77,45.93,45.555,45.96,0.9752,38.605,52.35,"187,179 M","17,748,930","4,095,823,317",Information Technology,Communications Equipment
CTSH,62.2,65.43,62.05,58.88,1.114,51.33,80.067,"31,899 M","6,920,619","507,466,204",Information Technology,IT Services
DXC,23.35,23.465,22.1125,23.58,2.086,22.46,36,"5,064 M","1,612,346","227,682,482",Information Technology,IT Services
EPAM,273.82,278.34,269.06,273.13,1.626,266.63,462.99,"15,645 M","662,016","57,857,238",Information Technology,IT Services
FFIV,130.34,131.83,130.34,131.12,1.067,127.05,176.08,"7,929 M","619,637","60,465,000",Information Technology,Communications Equipment
FICO,748.67,760.15,736,752.39,1.24,340.48,758,"18,411 M","208,150","24,993,116",Information Technology,Software
FSLR,175.34,176.97,170.915,174.33,1.341,59.6,220.2315,"18,330 M","1,516,328","106,825,674",Information Technology,Semiconductors & Semiconductor Equipment
FTNT,61.285,61.61,60.37,60.49,1.15,42.6101,69.07,"47,988 M","5,939,259","784,374,421",Information Technology,Software
GEN,16.62,16.68,16.375,16.75,1.748,15.52,23.74,"10,514 M","3,593,377","639,129,470",Information Technology,Software
GLW,31.5,31.67,31.17,31.67,1.058,28.98,37.73,"26,669 M","4,855,927","850,130,495",Information Technology,"Electronic Equipment, Instruments & Components"
HPE,13.88,13.9,13.655,13.95,1.254,11.9,17.25,"17,883 M","8,244,499","1,295,869,008",Information Technology,"Technology Hardware, Storage & Peripherals"
HPQ,29.64,29.755,29.27,29.86,1.02,24.075,40.79,"28,969 M","4,771,705","985,328,082",Information Technology,"Technology Hardware, Storage & Peripherals"
IBM,123.03,123.52,121.7563,123.45,0.8521,115.545,153.21,"111,299 M","4,468,237","908,045,414",Information Technology,IT Services
INTC,30.435,31.72,30.38,30.65,0.8849,24.59,45.91,"130,302 M","46,104,019","4,171,000,000",Information Technology,Semiconductors & Semiconductor Equipment
INTU,432.64,432.75,421.31,429.65,1.162,339.36,490.83,"118,517 M","1,283,953","280,546,394",Information Technology,Software
IT,305.48,305.48,295.43,305.85,1.28,221.39,358.25,"23,764 M","561,410","79,042,049",Information Technology,IT Services
JNPR,28.81,28.99,28.36,28.94,0.9411,25.18,34.47,"9,143 M","3,747,408","321,592,106",Information Technology,Communications Equipment
KEYS,142.04,142.61,140.67,142.57,1.05,127.93,189.45,"25,166 M","862,131","178,138,727",Information Technology,"Electronic Equipment, Instruments & Components"
MCHP,75.71,76.28,74.83,76.25,1.557,54.33,87.76,"41,649 M","6,144,720","547,795,897",Information Technology,Semiconductors & Semiconductor Equipment
MPWR,459.59,464.859,454.75,466.11,1.148,301.69,541.39,"21,758 M","741,387","47,411,000",Information Technology,Semiconductors & Semiconductor Equipment
MSFT,306.24,307.7626,303.4,304.4,0.9193,213.431,309.18,"2,270,872 M","22,519,907","7,435,487,575",Information Technology,Software
MSI,288.13,292.67,287.84,288.62,0.9577,195.175,294.6575,"48,634 M","968,799","167,467,027",Information Technology,Communications Equipment
MU,60.55,60.96,59.9,60.91,1.421,48.43,75.41,"66,222 M","13,357,926","1,094,394,354",Information Technology,Semiconductors & Semiconductor Equipment
NOW,439.06,442.54,428.97,437.08,1.012,337,521.575,"87,712 M","1,658,810","203,740,103",Information Technology,Software
NTAP,62.24,62.63,61.54,62.44,1.189,58.08,79.09,"13,371 M","1,508,271","213,904,711",Information Technology,"Technology Hardware, Storage & Peripherals"
NVDA,276.51,278.59,272.4,278.02,1.809,108.13,288.3599,"680,781 M","32,185,041","2,470,000,000",Information Technology,Semiconductors & Semiconductor Equipment
NXPI,166.98,167.345,162.75,167.56,1.531,132.08,198.28,"42,543 M","2,363,647","259,742,578",Information Technology,Semiconductors & Semiconductor Equipment
ON,78,79.26,77.09,78.58,1.787,44.76,87.55,"33,613 M","5,189,413","431,872,829",Information Technology,Semiconductors & Semiconductor Equipment
ORCL,94.98,95.12,94.41,94.78,0.9762,60.78,96.7413,"256,400 M","5,038,200","2,699,802,000",Information Technology,Software
PAYC,297.03,304.08,279.5,293.7,1.423,255.82,402.7799,"16,204 M","1,103,800","57,872,000",Information Technology,Software
PTC,125.1,126.44,124.415,125.01,1.176,97.97,139.91,"14,809 M","577,748","118,263,203",Information Technology,Software
QCOM,104.03,107.12,103.5,112.83,1.239,101.93,156.66,"118,730 M","22,117,513","1,114,000,000",Information Technology,Semiconductors & Semiconductor Equipment
QRVO,102.27,102.78,92.3716,93.62,1.419,75.38,114.5871,"9,389 M","3,259,052","99,889,210",Information Technology,Semiconductors & Semiconductor Equipment
ROP,457.35,458.25,451.68,456.42,1.016,356.215,463.7,"48,311 M","376,098","106,535,014",Information Technology,Software
SNPS,368.11,370.85,366.1,368,1.153,255.02,392.79,"55,837 M","551,783","152,301,677",Information Technology,Software
STX,55.71,55.81,54.47,55.92,1.117,47.47,88.25,"11,414 M","1,841,518","207,082,374",Information Technology,"Technology Hardware, Storage & Peripherals"
SWKS,104.44,104.78,101.33,105.22,1.272,76.16,123.69,"16,256 M","2,944,999","159,153,152",Information Technology,Semiconductors & Semiconductor Equipment
TDY,408.7,410.2,403.8,411.06,1.053,325,447.6,"19,221 M","155,148","47,045,579",Information Technology,"Electronic Equipment, Instruments & Components"
TEL,120.67,121.11,119.125,121.41,1.318,104.76,138.24,"37,603 M","2,227,195","315,115,072",Information Technology,"Electronic Equipment, Instruments & Components"
TRMB,47.28,47.76,46.82,47.41,1.572,45.43,72.24,"11,776 M","1,559,125","247,391,037",Information Technology,"Electronic Equipment, Instruments & Components"
TXN,163.39,163.87,161.36,163.35,1.007,144.4589,186.3,"147,312 M","4,308,975","907,653,862",Information Technology,Semiconductors & Semiconductor Equipment
TYL,382.33,386.37,377.86,382.31,0.8226,281.11,425.805,"16,166 M","236,302","41,925,317",Information Technology,Software
VRSN,222.35,223.11,220.495,222.58,0.9928,155.25,224.56,"22,981 M","398,222","104,096,418",Information Technology,IT Services
WDC,33.01,33.135,32.64,33.05,1.756,29.73,63,"10,551 M","2,445,163","319,327,848",Information Technology,"Technology Hardware, Storage & Peripherals"
ZBRA,256.2,265.71,255,258.5,1.626,224.865,366.42,"13,629 M","551,652","51,430,338",Information Technology,"Electronic Equipment, Instruments & Components"
ALB,173,184.9319,172.62,172.91,1.554,172.26,334.5499,"20,604 M","4,558,416","117,299,392",Materials,Chemicals
APD,294.05,295.195,290.19,293.89,0.8366,218.88,328.56,"64,642 M","710,451","222,082,851",Materials,Chemicals
CE,100.44,102.11,99.44,100.7,1.339,86.705,161.37,"11,210 M","1,483,723","110,824,914",Materials,Chemicals
CF,73.46,73.9699,69.72,73.85,1.012,68.04,119.5983,"13,658 M","2,973,123","194,919,933",Materials,Chemicals
CTVA,60.35,60.57,56.84,60,0.7845,50.03,68.43,"40,423 M","4,165,151","710,678,000",Materials,Chemicals
DD,63.98,64.475,63.25,64.4,1.413,49.52,78.4,"29,405 M","3,075,430","459,016,772",Materials,Chemicals
DOW,52.9,53.41,52.27,53,1,42.91,70.38,"37,742 M","3,899,887","707,314,807",Materials,Chemicals
ECL,173.4,174.12,170.3,173.34,0.977,131.04,178.06,"49,066 M","1,040,656","284,669,498",Materials,Chemicals
EMN,78.9,79.48,77.69,79.58,1.538,69.91,112.78,"9,394 M","715,310","119,151,802",Materials,Chemicals
FCX,36.18,36.33,34.76,36.33,1.996,24.8,46.73,"50,479 M","19,129,306","1,433,254,947",Materials,Metals & Mining
FMC,113.44,113.835,111,113.99,0.8214,98.24,134.38,"13,991 M","1,108,048","125,039,191",Materials,Chemicals
IFF,94.46,95.395,93.95,94.27,1.103,81.53,135.17,"24,252 M","1,200,229","255,067,476",Materials,Chemicals
LIN,362.64,365.21,357.4647,363.5,0.8262,262.47,371.72,"176,647 M","1,545,832","489,597,392",Materials,Chemicals
LYB,89.25,90.585,88.4,89.48,1.265,71.46,117.22,"29,349 M","1,470,354","325,274,141",Materials,Chemicals
MLM,399.95,401.9,384.615,368.55,0.8809,284.99,386.73,"24,134 M","771,416","61,996,967",Materials,Construction Materials
MOS,42.08,42.3763,38.3,42.87,1.584,40.29,66.6,"12,816 M","7,578,468","332,098,640",Materials,Chemicals
NEM,47.7,50.18,47.7,47.49,0.2782,37.45,73.18,"39,267 M","13,356,160","794,712,201",Materials,Metals & Mining
NUE,144.96,146.56,138.88,146.19,1.553,100.125,182.68,"35,110 M","2,831,631","251,000,000",Materials,Metals & Mining
PPG,138.3,138.3,134.665,138.34,1.182,107.06,145.51,"31,899 M","1,029,246","235,416,045",Materials,Chemicals
SHW,229.88,232.07,226.13,231.52,1.075,195.24,280.84,"58,629 M","1,363,373","257,890,316",Materials,Chemicals
STLD,101.43,102,95.89,102.06,1.48,62.44,136.46,"16,439 M","1,913,586","170,585,338",Materials,Metals & Mining
VMC,194.9,199.1,187.2,178.62,1.057,137.54,197.755,"25,311 M","2,325,745","133,056,905",Materials,Construction Materials
CBRE,73.65,74.63,72.18,74.09,1.399,66.31,89.58,"22,896 M","1,764,306","310,832,322",Real Estate,Real Estate Management & Development
AEE,88.89,90.27,88.22,88.65,0.4512,73.28,97.53,"23,557 M","1,682,779","262,475,443",Utilities,Multi-Utilities
AEP,90.61,92.38,89.66,90.87,0.4751,80.3,105.6,"47,037 M","2,365,083","514,406,939",Utilities,Electric Utilities
ATO,111.1,118.19,111.1,112.91,0.6177,97.71,121.92,"17,043 M","1,864,683","144,484,650",Utilities,Gas Utilities
AWK,146.99,148.38,146.07,146.49,0.5846,122.77,162.59,"28,772 M","642,546","194,643,611",Utilities,Water Utilities
CEG,76.98,80.37,74.91,76.51,0.9102,52.64,97.89,"25,741 M","3,830,453","327,536,696",Utilities,Electric Utilities
CMS,60.88,61.5,60.3,61.19,0.3746,52.41,71.97,"17,876 M","2,003,864","291,656,125",Utilities,Multi-Utilities
CNP,29.89,30.45,29.74,29.95,0.9374,25.03,33.5,"19,057 M","3,204,581","631,029,243",Utilities,Multi-Utilities
D,56.08,56.82,55.51,55.76,0.4573,52.025,86.28,"47,250 M","3,673,715","835,250,715",Utilities,Multi-Utilities
DTE,111.89,112.93,110.96,111.63,0.6338,100.64,136.77,"23,224 M","751,393","206,109,174",Utilities,Multi-Utilities
DUK,97.58,98.49,97.11,97.33,0.4454,83.76,114.5,"75,608 M","3,067,188","770,648,212",Utilities,Electric Utilities
ED,98.23,99.22,97.72,98.04,0.3823,78.1,102.21,"34,131 M","1,648,058","346,437,853",Utilities,Multi-Utilities
EIX,72.31,73.285,70.915,71.67,0.8468,54.45,74.12,"27,762 M","2,365,153","382,983,023",Utilities,Electric Utilities
ES,76.55,77.13,75.62,76.64,0.5032,70.54,94.41,"26,750 M","2,280,525","348,673,173",Utilities,Electric Utilities
ETR,105.11,106.93,104.25,105.03,0.6702,94.94,122.46,"22,434 M","1,033,987","211,446,046",Utilities,Electric Utilities
EVRG,61.62,62.4618,60.94,61.68,1,54.12,71.58,"14,275 M","1,124,275","229,583,134",Utilities,Electric Utilities
EXC,42.42,43.07,41.53,42.33,0.5608,35.185,49.86,"42,317 M","6,322,050","994,298,998",Utilities,Electric Utilities
FE,38.63,39.035,38.21,38.93,0.4375,35.32,43.695,"22,289 M","4,927,044","572,836,882",Utilities,Electric Utilities
LNT,54.38,55.305,53.77,54.43,0.5592,47.19,64.62,"13,776 M","1,725,418","251,385,816",Utilities,Electric Utilities
NEE,75.38,75.67,74.56,75.39,0.4803,67.22,91.35,"152,789 M","6,042,464","2,023,421,945",Utilities,Electric Utilities
NI,28.24,28.61,28.13,28.12,0.474,23.78,32.08,"11,719 M","4,759,657","413,063,219",Utilities,Multi-Utilities
NRG,33.01,33.29,30.52,33.44,1.037,30.25,47.82,"7,289 M","11,045,715","232,269,883",Utilities,Electric Utilities
PCG,17.37,17.43,16.835,17.29,1.111,9.64,17.335,"34,407 M","15,127,525","1,995,760,649",Utilities,Electric Utilities
PEG,63.78,63.895,62.98,63.21,0.5902,52.51,70.08,"31,689 M","1,923,108","498,965,138",Utilities,Multi-Utilities
PNW,78.76,80.45,76.76,78.42,0.4625,59.03,81.63,"9,025 M","1,012,254","113,251,486",Utilities,Electric Utilities
PPL,28.71,28.86,28.34,28.49,0.8296,23.465,31.74,"21,153 M","5,248,905","737,055,702",Utilities,Electric Utilities
SO,73.44,74.285,72.53,73.33,0.5223,58.85,80.57,"80,962 M","4,305,256","1,090,402,540",Utilities,Electric Utilities
SRE,154.07,155.08,152.6,152.62,0.763,136.54,176.47,"48,296 M","1,594,179","314,650,353",Utilities,Multi-Utilities
WEC,94.53,95.66,93.8,94.28,0.4117,80.82,108.39,"30,077 M","1,072,978","315,434,531",Utilities,Multi-Utilities
XEL,68.59,69.56,67.93,68.5,0.4501,56.89,77.66,"38,035 M","3,463,931","550,356,331",Utilities,Electric Utilities
AAL,13.79,13.8893,13.35,13.79,1.641,11.6514,19.515,"8,820 M","22,983,677","652,862,508",,
ADM,74.78,75.47,73.76,75.02,0.8134,70.02,98.28,"40,423 M","3,434,901","544,634,817",,
AES,22.4,22.52,21.97,22.45,0.9653,18.62,29.89,"15,040 M","9,565,668","669,030,884",,
ALK,43.16,43.295,41.69,43.47,1.616,37.23,53.9614,"5,356 M","1,824,563","127,243,454",,
AMAT,113.05,113.41,111.72,113.29,1.591,71.12,125.62,"95,034 M","3,579,606","845,118,427",,
AMCR,9.98,10.44,9.98,10.01,0.8024,10.01,13.605,"15,023 M","10,602,349","1,471,443,801",,
AMT,191.27,196.42,191.27,191.97,0.5779,178.17,282.47,"90,599 M","1,984,321","466,043,234",,
AMZN,104.04,105.39,103.3117,103.65,1.242,81.43,146.57,"1,067,077 M","45,345,523","10,260,353,688",,
APTV,97.41,97.965,91.47,99.84,2.008,77.96,124.88,"24,950 M","4,503,049","271,046,939",,
ARE,121.31,122.735,119.8,121.49,0.936,114.945,178.96,"21,030 M","800,442","173,013,623",,
AVB,177.64,179.17,176.175,177.8,0.9592,153.07,220.42,"24,960 M","625,618","140,009,856",,
AVY,170.43,170.43,167.9,170.78,0.9577,151.62,204.37,"13,574 M","743,308","80,728,286",,
BALL,56.96,61.13,56.4,52.26,0.7852,46,75.59,"18,631 M","5,444,458","314,395,135",,
BBWI,34.47,34.57,33.3,34.32,1.831,25.75,54.06,"7,663 M","2,055,766","228,950,584",,
BG,90.3,92.28,88.96,90.79,0.6952,80.41,118.99,"13,397 M","1,084,319","149,941,547",,
BR,154.7,155.67,152.235,155.08,0.9903,131.35,183.33,"18,058 M","686,592","117,980,540",,
BRK/B,323.44,325.99,317.41,323.22,0.8749,259.85,330.25,"698,735 M","3,194,768","2,183,546,718",,
BWA,44.53,44.73,42.025,46.46,1.416,31.14,51.14,"10,006 M","7,409,196","233,785,305",,
BXP,49.74,50.94,49.16,50.27,1.121,46.1803,120.225,"7,945 M","1,659,712","156,835,488",,
CAT,216.05,216.93,209.33,215.64,1.072,160.6,266.04,"108,421 M","3,211,007","515,355,647",,
CBOE,138.11,139.53,136.98,138.31,0.5235,103.8197,140.15,"14,467 M","836,396","105,542,307",,
CCI,117.98,119.34,116.76,117.86,0.6627,117.96,193.95,"51,000 M","2,870,588","433,671,293",,
CMI,223.95,224.578,218.93,224.45,0.9836,184.275,261.91,"31,349 M","875,414","141,561,784",,
COST,488.94,490.91,485.93,490.06,0.785,406.5101,564.75,"217,458 M","1,487,048","443,483,205",,
CPT,108.77,110,108.1701,109.19,0.8351,97.74,150.28,"11,614 M","370,182","106,762,369",,
CSX,30.84,31.37,30.795,30.93,1.222,25.8,35.31,"63,655 M","12,353,086","2,033,054,922",,
DAL,33.95,33.98,32.6823,34.13,1.328,27.2,42.45,"21,261 M","11,694,281","642,716,623",,
DG,217.4,218.5,215.16,217.18,0.3367,183.25,261.59,"47,452 M","1,414,486","219,108,477",,
DLR,94.85,97.61,94.49,94.79,0.5664,85.76,141.85,"27,934 M","2,317,599","291,340,025",,
DLTR,152.5,153.63,151.335,152.31,0.6451,124.7601,175.68,"33,550 M","1,130,239","221,197,989",,
DOV,144.57,144.75,141.15,144.4,1.352,114.49,160.66,"19,852 M","660,053","139,851,298",,
EBAY,44.97,44.98,44.275,44.77,1.311,35.92,52.23,"23,721 M","3,301,521","534,503,131",,
EL,206.89,206.89,199,202.7,1.008,186.47,284.45,"71,801 M","4,884,289","357,220,198",,
ENPH,158.87,159.88,154.63,155.42,1.407,128.67,339.92,"21,299 M","4,198,769","137,043,726",,
EQIX,703.42,733.475,700.995,697.63,0.6343,494.89,762.51,"68,204 M","597,668","93,514,672",,
EQR,62.05,62.82,61.55,62.33,0.8334,54.6,80.89,"23,674 M","1,412,921","378,904,669",,
ESS,216.51,218.25,214.19,216.65,0.7754,195.03,315.31,"13,902 M","268,617","64,181,614",,
ETSY,96.54,96.845,90.74,98.965,1.856,67.01,149.91,"11,414 M","8,317,879","123,329,414",,
EXR,147.71,151.78,147.27,147.26,0.558,139.97,216.52,"20,358 M","1,296,711","135,007,280",,
FIS,52.27,53.34,51.9193,52.86,0.8378,48.75,106.65,"31,535 M","6,083,189","592,436,518",,
FISV,119.2,119.64,116.95,119.34,0.8394,87.03,122.17,"72,707 M","2,523,082","617,309,915",,
FLT,223.15,229.13,219.77,207.34,1.234,161.69,251.61,"16,508 M","1,675,530","73,828,110",,
FRT,95.78,96.77,94.91,96.14,1.267,86.43,118.55,"7,860 M","533,700","81,511,030",,
FTV,63.95,64.45,63.53,64,1.14,52.47,69.7829,"22,535 M","2,480,468","353,549,934",,
GPN,103.13,103.68,100.81,103.8,1.013,92.27,136.88,"26,583 M","2,697,638","261,953,137",,
HST,17.1,17.47,16.55,16.27,1.309,14.505,21.63,"12,311 M","15,225,459","711,200,000",,
IEX,210.59,211.38,207.025,210.1,0.9662,172.185,246.23,"15,681 M","432,140","75,576,366",,
INVH,33.48,33.76,33.24,33.45,0.9374,28.52,40.2,"20,426 M","2,891,533","611,918,458",,
IP,32.28,32.4438,31.69,32.3,1.066,30.69,49.32,"11,033 M","3,061,951","347,056,943",,
IR,58,59.27,56.8,56.63,1.401,39.285,60.3856,"23,119 M","4,120,882","404,956,695",,
IRM,55.49,56.25,54.94,55.17,0.9744,43.33,57.21,"16,223 M","1,420,396","291,574,153",,
ITW,232.58,232.58,227.051,232.2,1.11,173.52,253.37,"69,252 M","1,334,832","304,821,117",,
JBHT,174.64,176.23,173.45,174.94,1.11,153.92,200.64,"18,135 M","568,644","103,647,731",,
JKHY,157.62,157.62,147.59,157.97,0.6228,139.28,212.62,"10,810 M","1,588,107","72,990,727",,
KDP,32.7,32.88,32.33,32.79,1,31.9,41.31,"45,609 M","9,702,233","1,403,776,408",,
KIM,18.3,18.58,18.12,18.45,1.551,17.34,24.27,"11,431 M","5,195,405","619,891,809",,
KLAC,378.17,378.71,369.66,378.17,1.335,250.2,429.46,"51,207 M","724,468","137,198,902",,
KO,63.74,63.93,63.51,63.65,0.5633,54.015,66.38,"275,562 M","11,938,308","4,324,578,189",,
KR,49.06,49.06,48.25,48.94,0.4749,41.815,55.83,"34,639 M","3,402,437","717,467,532",,
LRCX,515.06,515.65,507.19,514.55,1.498,299.592,548.85,"68,815 M","780,162","134,340,474",,
LUV,30.63,30.7355,29.27,30.79,1.186,28.965,46.8,"17,430 M","8,760,203","595,073,046",,
MA,374.5,376.85,372.14,374.9,1.093,276.87,390,"356,422 M","2,814,954","947,628,852",,
MAA,149.05,151.63,148.415,149.58,0.7743,138.68,190.17,"17,435 M","385,064","116,659,693",,
MNST,58.58,58.73,57.61,58.36,0.7386,41.065,57.675,"60,411 M","7,627,679","1,044,818,716",,
NDSN,215.07,216.77,212.9,215.55,0.9057,194.89,251.26,"12,377 M","321,242","57,260,973",,
NSC,200.73,203.97,199.49,202.98,1.281,196.33,264.22,"46,423 M","1,264,931","227,639,602",,
O,61.155,62.18,60.53,60.97,0.8487,55.5,75.11,"41,685 M","3,254,871","673,206,775",,
ODFL,318.16,320.7,311.7058,320.67,1.043,231.31,381.81,"34,331 M","771,527","109,950,195",,
OTIS,86.04,86.19,85.08,85.54,0.7821,62.49,87.33,"35,254 M","1,857,842","413,291,336",,
PCAR,71.465,71.61,69.96,71.63,0.9194,51.33333333,76.715,"37,114 M","2,395,263","522,579,036",,
PEAK,21.2,21.495,20.939,21.28,0.9175,20.21,31.08,"11,695 M","4,204,177","546,995,686",,
PEP,193.08,193.95,192.155,192.18,0.5407,154.8576,192.5,"266,418 M","4,267,611","1,377,693,115",,
PH,337.93,337.93,322.19,323.22,1.483,230.44,364.57,"41,339 M","1,467,910","128,266,030",,
PKG,133.87,134.46,132.13,133.65,0.903,110.555,163.45,"11,965 M","657,027","89,932,185",,
PLD,124.13,125.0499,122.43,124.16,1.006,98.03,144.77,"115,322 M","2,740,427","923,466,000",,
PNR,57.5,58.21,56.86,57.66,1.139,38.55,60.85,"9,422 M","1,513,692","164,950,305",,
PSA,283.49,291.95,282.42,282.31,0.4446,270.13,357.125,"51,038 M","1,162,960","175,812,057",,
PYPL,71.77,73.05,71.755,71.43,1.289,66.385,103.03,"80,629 M","10,230,510","1,122,806,008",,
REG,59.48,60.435,59.14,59.66,1.193,51.97,72.81,"10,296 M","796,228","171,307,934",,
SBAC,241.09,243.26,236.84,240.92,0.508,236.2,356.5925,"25,814 M","1,218,868","108,326,000",,
SEDG,299.9,304,278.735,263.82,1.425,190.15,375.9,"15,845 M","2,729,060","56,343,163",,
SEE,41.88,42.385,41.15,42.06,1.268,41.24,66.06,"6,037 M","1,839,547","144,385,193",,
SNA,262.67,262.67,258.12,262.37,1.104,190.08,263.86,"13,692 M","254,051","52,931,821",,
SPG,107.4,108.2,105.82,107.59,1.701,86.02,133.08,"35,267 M","1,621,260","326,996,470",,
SWK,88.25,88.88,84.63,86.54,1.374,70.24,127.31,"13,190 M","2,673,548","153,055,232",,
SYY,75.41,76,74.72,75.32,1.113,70.61,90.735,"38,280 M","2,756,954","506,682,318",,
TER,92,92.135,89.73,92.16,1.511,67.81,113.72,"14,015 M","1,311,479","155,755,670",,
TGT,154.18,154.5,150.87,154.57,0.9859,137.16,229.66,"70,401 M","2,653,616","461,552,843",,
TSCO,243.14,244.19,235.99,243.31,0.7856,166.49,250.8899,"25,948 M","853,697","109,568,348",,
UAL,44.35,44.65,42.595,44.48,1.54,31.58,55.0401,"14,076 M","8,970,921","327,968,872",,
UDR,40.11,40.6,39.83,40.19,0.7502,37.18,50.65,"13,252 M","1,543,109","329,172,797",,
ULTA,523.21,524.26,511.19,523.17,1.327,330.7991,553.06,"25,746 M","584,890","50,088,578",,
UNP,195.41,197.395,194.0316,195.33,1.093,183.69,242.355,"120,147 M","1,866,347","609,695,454",,
V,224.84,226.055,223.48,225.98,0.9516,174.6,250.58,"472,496 M","5,648,862","2,094,396,184",,
VICI,32,32.7,31.8284,32.12,1.02,26.4194,35.69,"32,537 M","3,834,677","1,004,238,490",,
VTR,47.57,48.13,46.81,47.59,1.348,35.33,58.24,"19,111 M","1,532,691","400,053,497",,
WAB,97.75,98.16,96.345,97.73,1.524,78.26,107.86,"17,523 M","1,354,055","179,869,569",,
WBA,31.96,32.2,31.3818,31.96,0.7289,30.39,45.295,"27,221 M","7,069,809","862,795,720",,
WELL,77.7,78.21,75.93,77.52,1.129,56.5,90.69,"38,222 M","2,234,074","497,031,161",,
WMT,150.55,150.99,149.49,150.62,0.4736,117.27,159.88,"405,870 M","4,670,446","2,697,346,823",,
WRK,29.31,29.89,28.14,28.9,1.248,26.84,54.15,"7,217 M","6,861,149","254,651,783",,
WY,29.1,29.415,28.805,29.28,1.536,27.365,40.46,"21,244 M","3,873,678","732,296,000",,
XYL,104.67,107.9,104.105,104.15,1.075,72.08,118.58,"19,205 M","2,583,636","180,617,802",,
